time,memory_utilization
Thu Aug 17 2023 15:58:00 GMT+0900 (한국 표준시),42.242804647595904
Thu Aug 17 2023 16:00:00 GMT+0900 (한국 표준시),42.22763747425744
Thu Aug 17 2023 16:02:00 GMT+0900 (한국 표준시),42.20711036376997
Thu Aug 17 2023 16:04:00 GMT+0900 (한국 표준시),42.18211539634294
Thu Aug 17 2023 16:06:00 GMT+0900 (한국 표준시),42.13807580055245
Thu Aug 17 2023 16:08:00 GMT+0900 (한국 표준시),42.128074379157155
Thu Aug 17 2023 16:10:00 GMT+0900 (한국 표준시),42.10919273438441
Thu Aug 17 2023 16:12:00 GMT+0900 (한국 표준시),42.088597645310344