time,memory_utilization
Fri Aug 18 2023 14:54:00 GMT+0900 (한국 표준시),28.20649958615961
Fri Aug 18 2023 14:56:00 GMT+0900 (한국 표준시),28.146211971631658
Fri Aug 18 2023 14:58:00 GMT+0900 (한국 표준시),27.92266519508351
Fri Aug 18 2023 15:00:00 GMT+0900 (한국 표준시),27.882705967125492
Fri Aug 18 2023 15:02:00 GMT+0900 (한국 표준시),27.81591059024322
Fri Aug 18 2023 15:04:00 GMT+0900 (한국 표준시),27.88373861105157
Fri Aug 18 2023 15:06:00 GMT+0900 (한국 표준시),27.78024407338918
Fri Aug 18 2023 15:08:00 GMT+0900 (한국 표준시),27.680046685113176
Fri Aug 18 2023 15:10:00 GMT+0900 (한국 표준시),27.65505150276799