time,memory_utilization
Fri Aug 18 2023 10:16:00 GMT+0900 (한국 표준시),41.810898845952885
Fri Aug 18 2023 10:18:00 GMT+0900 (한국 표준시),41.77508194223505
Fri Aug 18 2023 10:20:00 GMT+0900 (한국 표준시),41.7683109236622
Fri Aug 18 2023 10:22:00 GMT+0900 (한국 표준시),41.765011278150325
Fri Aug 18 2023 10:24:00 GMT+0900 (한국 표준시),41.77404065907658
Fri Aug 18 2023 10:26:00 GMT+0900 (한국 표준시),41.79347505377169
Fri Aug 18 2023 10:28:00 GMT+0900 (한국 표준시),41.80523656755769