time,memory_utilization
Fri Aug 18 2023 09:44:00 GMT+0900 (한국 표준시),42.26924453448669
Fri Aug 18 2023 09:46:00 GMT+0900 (한국 표준시),42.23327370814387
Fri Aug 18 2023 09:48:00 GMT+0900 (한국 표준시),42.150997527387474
Fri Aug 18 2023 09:50:00 GMT+0900 (한국 표준시),42.116465485036755
Fri Aug 18 2023 09:52:00 GMT+0900 (한국 표준시),42.09123868229641
Fri Aug 18 2023 09:54:00 GMT+0900 (한국 표준시),42.03412062003718
Fri Aug 18 2023 09:56:00 GMT+0900 (한국 표준시),42.02949334457772