time,memory_utilization
Fri Aug 18 2023 11:14:00 GMT+0900 (한국 표준시),41.785854570091715
Fri Aug 18 2023 11:16:00 GMT+0900 (한국 표준시),41.76234458013013
Fri Aug 18 2023 11:18:00 GMT+0900 (한국 표준시),41.74819650278012
Fri Aug 18 2023 11:20:00 GMT+0900 (한국 표준시),41.75806391760561
Fri Aug 18 2023 11:22:00 GMT+0900 (한국 표준시),41.76573549077776
Fri Aug 18 2023 11:24:00 GMT+0900 (한국 표준시),41.76583779653727
Fri Aug 18 2023 11:26:00 GMT+0900 (한국 표준시),41.756883701463174