time,memory_utilization
Fri Aug 18 2023 13:24:00 GMT+0900 (한국 표준시),12.415153653287943
Fri Aug 18 2023 13:26:00 GMT+0900 (한국 표준시),22.93983260478475
Fri Aug 18 2023 13:28:00 GMT+0900 (한국 표준시),23.451837601370876
Fri Aug 18 2023 13:30:00 GMT+0900 (한국 표준시),23.614072368010433
Fri Aug 18 2023 13:32:00 GMT+0900 (한국 표준시),23.719143716461467
Fri Aug 18 2023 13:34:00 GMT+0900 (한국 표준시),23.87107186711507
Fri Aug 18 2023 13:36:00 GMT+0900 (한국 표준시),24.07022701677999
Fri Aug 18 2023 13:38:00 GMT+0900 (한국 표준시),24.153319371325317
Fri Aug 18 2023 13:40:00 GMT+0900 (한국 표준시),24.286440569854022