time,memory_utilization
Fri Aug 18 2023 10:00:00 GMT+0900 (한국 표준시),42.032810555785304
Fri Aug 18 2023 10:02:00 GMT+0900 (한국 표준시),41.985215953768744
Fri Aug 18 2023 10:04:00 GMT+0900 (한국 표준시),41.93751463219729
Fri Aug 18 2023 10:06:00 GMT+0900 (한국 표준시),41.91235359819109
Fri Aug 18 2023 10:08:00 GMT+0900 (한국 표준시),41.86137235276267
Fri Aug 18 2023 10:10:00 GMT+0900 (한국 표준시),41.83347752760873
Fri Aug 18 2023 10:12:00 GMT+0900 (한국 표준시),41.793660573998096