time,memory_utilization
Fri Aug 18 2023 15:42:00 GMT+0900 (한국 표준시),27.620410858917595
Fri Aug 18 2023 15:44:00 GMT+0900 (한국 표준시),27.574033433843702
Fri Aug 18 2023 15:46:00 GMT+0900 (한국 표준시),27.62630174276668
Fri Aug 18 2023 15:48:00 GMT+0900 (한국 표준시),27.625216737380292
Fri Aug 18 2023 15:50:00 GMT+0900 (한국 표준시),27.64377166413648
Fri Aug 18 2023 15:52:00 GMT+0900 (한국 표준시),27.64335782705595
Fri Aug 18 2023 15:54:00 GMT+0900 (한국 표준시),27.623281882069243