time,memory_utilization
Fri Aug 18 2023 16:12:00 GMT+0900 (한국 표준시),27.747828833043126
Fri Aug 18 2023 16:14:00 GMT+0900 (한국 표준시),27.751530004814526
Fri Aug 18 2023 16:16:00 GMT+0900 (한국 표준시),27.768510066210418
Fri Aug 18 2023 16:18:00 GMT+0900 (한국 표준시),27.754181028948466
Fri Aug 18 2023 16:20:00 GMT+0900 (한국 표준시),27.76777108184598
Fri Aug 18 2023 16:22:00 GMT+0900 (한국 표준시),27.782601132698858
Fri Aug 18 2023 16:24:00 GMT+0900 (한국 표준시),27.811473214201026