time,memory_utilization
Fri Aug 18 2023 13:50:00 GMT+0900 (한국 표준시),24.482385229021382
Fri Aug 18 2023 13:52:00 GMT+0900 (한국 표준시),25.03571553504638
Fri Aug 18 2023 13:54:00 GMT+0900 (한국 표준시),25.187866254715168
Fri Aug 18 2023 13:56:00 GMT+0900 (한국 표준시),25.212560676733695
Fri Aug 18 2023 13:58:00 GMT+0900 (한국 표준시),25.22752603898281
Fri Aug 18 2023 14:00:00 GMT+0900 (한국 표준시),25.292998077491692
Fri Aug 18 2023 14:02:00 GMT+0900 (한국 표준시),25.337129891568818
Fri Aug 18 2023 14:04:00 GMT+0900 (한국 표준시),25.410813604195123