time,memory_utilization
Fri Aug 18 2023 14:12:00 GMT+0900 (한국 표준시),25.52730292210324
Fri Aug 18 2023 14:14:00 GMT+0900 (한국 표준시),25.721801383364195
Fri Aug 18 2023 14:16:00 GMT+0900 (한국 표준시),25.836135811150058
Fri Aug 18 2023 14:18:00 GMT+0900 (한국 표준시),25.9783309673243
Fri Aug 18 2023 14:20:00 GMT+0900 (한국 표준시),26.04816077773018
Fri Aug 18 2023 14:22:00 GMT+0900 (한국 표준시),26.099390157209662
Fri Aug 18 2023 14:24:00 GMT+0900 (한국 표준시),26.17886227617278