time,memory_utilization
Thu Aug 17 2023 15:38:00 GMT+0900 (한국 표준시),42.16345601820604
Thu Aug 17 2023 15:40:00 GMT+0900 (한국 표준시),42.60407601454888
Thu Aug 17 2023 15:42:00 GMT+0900 (한국 표준시),43.03596047198623
Thu Aug 17 2023 15:44:00 GMT+0900 (한국 표준시),42.780233230421395
Thu Aug 17 2023 15:46:00 GMT+0900 (한국 표준시),42.4111271903408
Thu Aug 17 2023 15:48:00 GMT+0900 (한국 표준시),42.3465007081252
Thu Aug 17 2023 15:50:00 GMT+0900 (한국 표준시),42.299197935990414
Thu Aug 17 2023 15:52:00 GMT+0900 (한국 표준시),42.23903426376546
Thu Aug 17 2023 15:54:00 GMT+0900 (한국 표준시),42.2554841239474