time,memory_utilization
Fri Aug 18 2023 11:00:00 GMT+0900 (한국 표준시),41.78105222604002
Fri Aug 18 2023 11:02:00 GMT+0900 (한국 표준시),41.82222188638946
Fri Aug 18 2023 11:04:00 GMT+0900 (한국 표준시),41.78193923538355
Fri Aug 18 2023 11:06:00 GMT+0900 (한국 표준시),41.787510590797595
Fri Aug 18 2023 11:08:00 GMT+0900 (한국 표준시),41.772137344973814
Fri Aug 18 2023 11:10:00 GMT+0900 (한국 표준시),41.75291651916754
Fri Aug 18 2023 11:12:00 GMT+0900 (한국 표준시),41.76991809245561