time,memory_utilization
Fri Aug 18 2023 11:30:00 GMT+0900 (한국 표준시),41.780850676514305
Fri Aug 18 2023 11:32:00 GMT+0900 (한국 표준시),41.74525830457057
Fri Aug 18 2023 11:34:00 GMT+0900 (한국 표준시),41.74857224704503
Fri Aug 18 2023 11:36:00 GMT+0900 (한국 표준시),41.74980745702686
Fri Aug 18 2023 11:38:00 GMT+0900 (한국 표준시),41.748529041178614
Fri Aug 18 2023 11:40:00 GMT+0900 (한국 표준시),41.7459700721186
Fri Aug 18 2023 11:42:00 GMT+0900 (한국 표준시),41.754220067668626