time,memory_utilization
Fri Aug 18 2023 14:30:00 GMT+0900 (한국 표준시),26.20893142192639
Fri Aug 18 2023 14:32:00 GMT+0900 (한국 표준시),26.395960988359693
Fri Aug 18 2023 14:34:00 GMT+0900 (한국 표준시),26.494841263570173
Fri Aug 18 2023 14:36:00 GMT+0900 (한국 표준시),26.543145973830093
Fri Aug 18 2023 14:38:00 GMT+0900 (한국 표준시),26.58517134817889
Fri Aug 18 2023 14:40:00 GMT+0900 (한국 표준시),27.20153712827696
Fri Aug 18 2023 14:42:00 GMT+0900 (한국 표준시),27.256547234972302