time,memory_utilization
Fri Aug 18 2023 15:24:00 GMT+0900 (한국 표준시),27.621104597215258
Fri Aug 18 2023 15:26:00 GMT+0900 (한국 표준시),27.569418705893927
Fri Aug 18 2023 15:28:00 GMT+0900 (한국 표준시),27.534873727586962
Fri Aug 18 2023 15:30:00 GMT+0900 (한국 표준시),27.538516940193936
Fri Aug 18 2023 15:32:00 GMT+0900 (한국 표준시),27.530652864055547
Fri Aug 18 2023 15:34:00 GMT+0900 (한국 표준시),27.549137129000812
Fri Aug 18 2023 15:36:00 GMT+0900 (한국 표준시),27.548667780888398